Column1,Column2,Column3,Column4,Column5,Column6,Column7
Component Count:,22,,,,,
,,,,,,
Individual Components:,,,,,,
,,,,,,
Item,Qty,Reference(s),Value,LibPart,Footprint,Datasheet
,,C1,100nF,Device:C,Capacitor_THT:C_Disc_D3.8mm_W2.6mm_P2.50mm,~
,,C2,100nF,Device:C,Capacitor_THT:C_Disc_D3.8mm_W2.6mm_P2.50mm,~
,,C3,100nF,Device:C,Capacitor_THT:C_Disc_D3.8mm_W2.6mm_P2.50mm,~
,,C4,100nF,Device:C,Capacitor_THT:C_Disc_D3.8mm_W2.6mm_P2.50mm,~
,,D1,LED,Device:LED,LED_THT:LED_D3.0mm,~
,,D2,LED,Device:LED,LED_THT:LED_D3.0mm,~
,,J2,"Oled 0.91"" female",Connector:Conn_01x04_Male,Connector_PinHeader_2.54mm:PinHeader_1x04_P2.54mm_Vertical,~
,,R1,R220,Device:R,Resistor_THT:R_Axial_DIN0204_L3.6mm_D1.6mm_P7.62mm_Horizontal,~
,,R2,R220,Device:R,Resistor_THT:R_Axial_DIN0204_L3.6mm_D1.6mm_P7.62mm_Horizontal,~
,,R3,1K,Device:R,Resistor_THT:R_Axial_DIN0204_L3.6mm_D1.6mm_P7.62mm_Horizontal,~
,,R4,1K,Device:R,Resistor_THT:R_Axial_DIN0204_L3.6mm_D1.6mm_P7.62mm_Horizontal,~
,,R5,1K,Device:R,Resistor_THT:R_Axial_DIN0204_L3.6mm_D1.6mm_P7.62mm_Horizontal,~
,,R6,4K7,Device:R,Resistor_THT:R_Axial_DIN0204_L3.6mm_D1.6mm_P7.62mm_Horizontal,~
,,SW1,SW_Push,Switch:SW_Push,Button_Switch_THT:SW_PUSH_6mm,~
,,SW2,SW_Push,Switch:SW_Push,Button_Switch_THT:SW_PUSH_6mm,~
,,SW3,SW_Push,Switch:SW_Push,Button_Switch_THT:SW_PUSH_6mm,~
,,U1,74LVC245,74xx:74LS245,Package_DIP:DIP-20_W7.62mm_Socket,http://www.ti.com/lit/gpn/sn74LS245
,,U2,74LVC245,74xx:74LS245,Package_DIP:DIP-20_W7.62mm_Socket,http://www.ti.com/lit/gpn/sn74LS245
,,U3,74LVC245,74xx:74LS245,Package_DIP:DIP-20_W7.62mm_Socket,http://www.ti.com/lit/gpn/sn74LS245
,,U4,Teensy4.1,teensy:Teensy4.1,Teensy:Teensy41,
,,U5,74LVC245,74xx:74LS245,Package_DIP:DIP-20_W7.62mm_Socket,http://www.ti.com/lit/gpn/sn74LS245
,,,,,,
,,,,,,
,,,,,,
Collated Components:,,,,,,
,,,,,,
Item,Qty,Reference(s),Value,LibPart,Footprint,Datasheet
1,4,"C1, C2, C3, C4",100nF,Device:C,Capacitor_THT:C_Disc_D3.8mm_W2.6mm_P2.50mm,~
2,2,"D1, D2",LED,Device:LED,LED_THT:LED_D3.0mm,~
3,1,J1,2x22 card edge connector,Evan's misc parts:2x22 card edge connector,Evan's misc parts:edge mounted 44 pin card edge connector (2x22 pin),~
4,1,J2,"Oled 0.91"" female",Connector:Conn_01x04_Male,Connector_PinHeader_2.54mm:PinHeader_1x04_P2.54mm_Vertical,~
5,2,"R1, R2",R220,Device:R,Resistor_THT:R_Axial_DIN0204_L3.6mm_D1.6mm_P7.62mm_Horizontal,~
6,3,"R3, R4, R5",1K,Device:R,Resistor_THT:R_Axial_DIN0204_L3.6mm_D1.6mm_P7.62mm_Horizontal,~
7,1,R6,4K7,Device:R,Resistor_THT:R_Axial_DIN0204_L3.6mm_D1.6mm_P7.62mm_Horizontal,~
8,3,"SW1, SW2, SW3",SW_Push,Switch:SW_Push,Button_Switch_THT:SW_PUSH_6mm,~
9,4,"U1, U2, U3, U5",74LVC245,74xx:74LS245,Package_DIP:DIP-20_W7.62mm_Socket,http://www.ti.com/lit/gpn/sn74LS245
10,1,U4,Teensy4.1,teensy:Teensy4.1,Teensy:Teensy41,
